variant,wild_type,position,mutant,fitness,is_catalytic,mutation_class,model_score
H4A,H,4,A,0.05,true,class_changing,0.97525
H4Y,H,4,Y,0.18,true,class_changing,0.352776
C6G,C,6,G,0.12,true,class_changing,0.996433
C6S,C,6,S,0.22,true,polar_preserving,1.25752
L14A,L,14,A,0.08,true,hydrophobic_or_special_preserving,-0.339441
L14I,L,14,I,0.35,true,hydrophobic_or_special_preserving,-0.393296
M1V,M,1,V,0.76,false,hydrophobic_or_special_preserving,-3.99675
S2A,S,2,A,0.82,false,class_changing,-0.10358
D7E,D,7,E,0.58,false,charge_preserving,0.0794923
E8D,E,8,D,0.71,false,charge_preserving,0.0867853
F9Y,F,9,Y,0.69,false,hydrophobic_or_special_preserving,-0.193251
G10A,G,10,A,0.62,false,hydrophobic_or_special_preserving,-0.0405886
H11Y,H,11,Y,0.55,false,class_changing,0.157146
I12V,I,12,V,0.73,false,hydrophobic_or_special_preserving,0.195462
M15L,M,15,L,0.81,false,hydrophobic_or_special_preserving,1.55494
N16D,N,16,D,0.52,false,class_changing,-0.136233
P17A,P,17,A,0.47,false,hydrophobic_or_special_preserving,0.268505
Q18E,Q,18,E,0.68,false,class_changing,0.163879
R19K,R,19,K,0.74,false,charge_preserving,0.0859518
T21I,T,21,I,0.79,false,class_changing,0.0464599
